MonthKey,MonthStart,ContractorID,Category,BudgetSalesAmount,BudgetInstallCount,BudgetServiceTickets
202309,2023-09-01,C001,Flooring,113837.5,38,3
202309,2023-09-01,C001,Windows,64489.51,30,2
202309,2023-09-01,C001,Roofing,294884.86,99,10
202309,2023-09-01,C001,Cabinets,94921.56,31,2
202309,2023-09-01,C002,Flooring,116223.86,38,2
202309,2023-09-01,C002,Windows,75545.81,23,2
202309,2023-09-01,C002,Roofing,262805.14,102,10
202309,2023-09-01,C002,Cabinets,94767.11,57,6
202309,2023-09-01,C003,Flooring,137603.28,87,6
202309,2023-09-01,C003,Windows,66210.7,35,2
202309,2023-09-01,C003,Roofing,234928.2,70,4
202309,2023-09-01,C003,Cabinets,84462.7,44,4
202309,2023-09-01,C004,Flooring,140204.51,45,4
202309,2023-09-01,C004,Windows,67814.73,29,2
202309,2023-09-01,C004,Roofing,243254.46,84,5
202309,2023-09-01,C004,Cabinets,97549.93,38,3
202309,2023-09-01,C005,Flooring,135360.36,44,3
202309,2023-09-01,C005,Windows,64566.24,31,2
202309,2023-09-01,C005,Roofing,249453.26,166,18
202309,2023-09-01,C005,Cabinets,94994.9,49,2
202309,2023-09-01,C006,Flooring,131687.81,56,5
202309,2023-09-01,C006,Windows,64077.33,19,1
202309,2023-09-01,C006,Roofing,263933.29,78,4
202309,2023-09-01,C006,Cabinets,85116.84,42,3
202309,2023-09-01,C007,Flooring,123239.17,38,4
202309,2023-09-01,C007,Windows,72912.86,31,3
202309,2023-09-01,C007,Roofing,294390.5,133,8
202309,2023-09-01,C007,Cabinets,92410.03,31,2
202309,2023-09-01,C008,Flooring,133969.56,38,3
202309,2023-09-01,C008,Windows,62077.52,18,1
202309,2023-09-01,C008,Roofing,310766.02,101,8
202309,2023-09-01,C008,Cabinets,77005.66,50,4
202310,2023-10-01,C001,Flooring,140132.0,56,5
202310,2023-10-01,C001,Windows,69377.3,26,3
202310,2023-10-01,C001,Roofing,293841.72,88,6
202310,2023-10-01,C001,Cabinets,93640.09,34,3
202310,2023-10-01,C002,Flooring,132413.94,64,5
202310,2023-10-01,C002,Windows,60432.83,31,2
202310,2023-10-01,C002,Roofing,307386.93,163,12
202310,2023-10-01,C002,Cabinets,97318.89,44,5
202310,2023-10-01,C003,Flooring,122849.24,51,3
202310,2023-10-01,C003,Windows,75745.08,23,2
202310,2023-10-01,C003,Roofing,246730.75,71,8
202310,2023-10-01,C003,Cabinets,86301.73,30,3
202310,2023-10-01,C004,Flooring,128425.91,74,8
202310,2023-10-01,C004,Windows,65534.41,18,1
202310,2023-10-01,C004,Roofing,236181.9,95,9
202310,2023-10-01,C004,Cabinets,75487.19,32,2
202310,2023-10-01,C005,Flooring,137666.63,40,3
202310,2023-10-01,C005,Windows,69858.58,30,2
202310,2023-10-01,C005,Roofing,278618.26,92,10
202310,2023-10-01,C005,Cabinets,92300.19,26,2
202310,2023-10-01,C006,Flooring,117136.01,46,5
202310,2023-10-01,C006,Windows,74789.91,33,3
202310,2023-10-01,C006,Roofing,267620.0,153,17
202310,2023-10-01,C006,Cabinets,99403.56,39,2
202310,2023-10-01,C007,Flooring,144515.04,58,3
202310,2023-10-01,C007,Windows,59849.95,33,3
202310,2023-10-01,C007,Roofing,258451.28,147,16
202310,2023-10-01,C007,Cabinets,100052.42,56,4
202310,2023-10-01,C008,Flooring,135647.98,75,5
202310,2023-10-01,C008,Windows,62764.21,18,2
202310,2023-10-01,C008,Roofing,303197.53,104,10
202310,2023-10-01,C008,Cabinets,87196.72,34,3
202311,2023-11-01,C001,Flooring,128326.32,75,5
202311,2023-11-01,C001,Windows,68332.98,31,2
202311,2023-11-01,C001,Roofing,244143.35,117,7
202311,2023-11-01,C001,Cabinets,72991.07,26,1
202311,2023-11-01,C002,Flooring,125316.02,73,4
202311,2023-11-01,C002,Windows,66508.22,22,2
202311,2023-11-01,C002,Roofing,214817.44,108,11
202311,2023-11-01,C002,Cabinets,71472.02,22,2
202311,2023-11-01,C003,Flooring,128653.26,46,3
202311,2023-11-01,C003,Windows,56255.59,19,2
202311,2023-11-01,C003,Roofing,215854.95,95,7
202311,2023-11-01,C003,Cabinets,81427.3,47,5
202311,2023-11-01,C004,Flooring,121746.37,36,3
202311,2023-11-01,C004,Windows,54449.5,30,3
202311,2023-11-01,C004,Roofing,252707.52,164,19
202311,2023-11-01,C004,Cabinets,79352.68,37,3
202311,2023-11-01,C005,Flooring,131625.06,76,6
202311,2023-11-01,C005,Windows,56739.6,17,1
202311,2023-11-01,C005,Roofing,242507.8,85,7
202311,2023-11-01,C005,Cabinets,81711.53,23,2
202311,2023-11-01,C006,Flooring,137588.69,45,3
202311,2023-11-01,C006,Windows,65327.39,35,3
202311,2023-11-01,C006,Roofing,258493.39,78,5
202311,2023-11-01,C006,Cabinets,89022.61,26,1
202311,2023-11-01,C007,Flooring,133870.26,66,4
202311,2023-11-01,C007,Windows,68254.34,29,2
202311,2023-11-01,C007,Roofing,253965.48,131,13
202311,2023-11-01,C007,Cabinets,69106.76,36,4
202311,2023-11-01,C008,Flooring,136326.27,55,3
202311,2023-11-01,C008,Windows,58589.16,18,1
202311,2023-11-01,C008,Roofing,222090.14,67,5
202311,2023-11-01,C008,Cabinets,70003.01,39,4
202312,2023-12-01,C001,Flooring,119643.72,65,7
202312,2023-12-01,C001,Windows,66215.02,42,3
202312,2023-12-01,C001,Roofing,230825.25,89,6
202312,2023-12-01,C001,Cabinets,75581.03,27,2
202312,2023-12-01,C002,Flooring,116226.93,67,7
202312,2023-12-01,C002,Windows,54142.9,19,1
202312,2023-12-01,C002,Roofing,264123.46,156,11
202312,2023-12-01,C002,Cabinets,83527.64,40,3
202312,2023-12-01,C003,Flooring,106482.19,55,5
202312,2023-12-01,C003,Windows,51632.5,29,2
202312,2023-12-01,C003,Roofing,214014.29,126,9
202312,2023-12-01,C003,Cabinets,70230.02,21,1
202312,2023-12-01,C004,Flooring,132995.41,42,2
202312,2023-12-01,C004,Windows,51453.44,32,3
202312,2023-12-01,C004,Roofing,262776.52,95,8
202312,2023-12-01,C004,Cabinets,72192.42,22,1
202312,2023-12-01,C005,Flooring,137502.42,60,4
202312,2023-12-01,C005,Windows,67096.51,25,2
202312,2023-12-01,C005,Roofing,243129.91,74,8
202312,2023-12-01,C005,Cabinets,78482.45,39,3
202312,2023-12-01,C006,Flooring,136365.04,49,5
202312,2023-12-01,C006,Windows,57188.54,17,1
202312,2023-12-01,C006,Roofing,239412.58,96,9
202312,2023-12-01,C006,Cabinets,75059.34,22,2
202312,2023-12-01,C007,Flooring,130776.12,75,4
202312,2023-12-01,C007,Windows,59966.37,19,1
202312,2023-12-01,C007,Roofing,260607.81,101,10
202312,2023-12-01,C007,Cabinets,78449.01,27,1
202312,2023-12-01,C008,Flooring,109725.39,33,2
202312,2023-12-01,C008,Windows,68739.1,43,3
202312,2023-12-01,C008,Roofing,236874.04,67,7
202312,2023-12-01,C008,Cabinets,73645.84,36,3
202401,2024-01-01,C001,Flooring,120625.45,42,4
202401,2024-01-01,C001,Windows,46925.34,16,1
202401,2024-01-01,C001,Roofing,204096.54,66,7
202401,2024-01-01,C001,Cabinets,80596.08,40,3
202401,2024-01-01,C002,Flooring,107987.41,59,6
202401,2024-01-01,C002,Windows,48517.87,16,1
202401,2024-01-01,C002,Roofing,229976.15,144,10
202401,2024-01-01,C002,Cabinets,70798.85,24,2
202401,2024-01-01,C003,Flooring,92776.55,51,5
202401,2024-01-01,C003,Windows,59071.5,29,2
202401,2024-01-01,C003,Roofing,197191.99,109,6
202401,2024-01-01,C003,Cabinets,73940.35,22,1
202401,2024-01-01,C004,Flooring,116146.77,43,5
202401,2024-01-01,C004,Windows,58829.58,18,1
202401,2024-01-01,C004,Roofing,246015.19,111,8
202401,2024-01-01,C004,Cabinets,80910.43,27,1
202401,2024-01-01,C005,Flooring,119887.87,54,4
202401,2024-01-01,C005,Windows,55997.68,21,1
202401,2024-01-01,C005,Roofing,208454.21,60,7
202401,2024-01-01,C005,Cabinets,61289.9,28,1
202401,2024-01-01,C006,Flooring,119348.06,36,3
202401,2024-01-01,C006,Windows,59502.78,20,1
202401,2024-01-01,C006,Roofing,215807.27,106,8
202401,2024-01-01,C006,Cabinets,73340.59,39,2
202401,2024-01-01,C007,Flooring,92136.74,33,3
202401,2024-01-01,C007,Windows,60305.35,20,2
202401,2024-01-01,C007,Roofing,219387.56,104,8
202401,2024-01-01,C007,Cabinets,62958.72,22,1
202401,2024-01-01,C008,Flooring,116517.25,61,4
202401,2024-01-01,C008,Windows,61408.35,35,3
202401,2024-01-01,C008,Roofing,195481.34,116,11
202401,2024-01-01,C008,Cabinets,74823.71,39,4
202402,2024-02-01,C001,Flooring,114550.86,54,4
202402,2024-02-01,C001,Windows,58119.42,19,1
202402,2024-02-01,C001,Roofing,214820.18,111,8
202402,2024-02-01,C001,Cabinets,67411.38,19,1
202402,2024-02-01,C002,Flooring,117073.69,56,3
202402,2024-02-01,C002,Windows,46842.14,17,1
202402,2024-02-01,C002,Roofing,204274.44,127,14
202402,2024-02-01,C002,Cabinets,74162.75,43,4
202402,2024-02-01,C003,Flooring,116288.75,55,3
202402,2024-02-01,C003,Windows,59086.51,27,2
202402,2024-02-01,C003,Roofing,194196.48,77,5
202402,2024-02-01,C003,Cabinets,75716.17,21,1
202402,2024-02-01,C004,Flooring,95050.06,44,4
202402,2024-02-01,C004,Windows,58305.33,29,3
202402,2024-02-01,C004,Roofing,233247.69,127,11
202402,2024-02-01,C004,Cabinets,70947.58,22,1
202402,2024-02-01,C005,Flooring,120149.3,38,3
202402,2024-02-01,C005,Windows,50089.44,14,1
202402,2024-02-01,C005,Roofing,252507.19,130,15
202402,2024-02-01,C005,Cabinets,78826.88,23,1
202402,2024-02-01,C006,Flooring,105753.32,62,4
202402,2024-02-01,C006,Windows,50500.13,14,1
202402,2024-02-01,C006,Roofing,212487.68,62,6
202402,2024-02-01,C006,Cabinets,80790.75,24,2
202402,2024-02-01,C007,Flooring,99677.52,28,2
202402,2024-02-01,C007,Windows,56781.63,17,1
202402,2024-02-01,C007,Roofing,232360.31,103,7
202402,2024-02-01,C007,Cabinets,61454.27,18,1
202402,2024-02-01,C008,Flooring,120251.0,44,4
202402,2024-02-01,C008,Windows,59324.16,23,1
202402,2024-02-01,C008,Roofing,200619.45,75,6
202402,2024-02-01,C008,Cabinets,67548.16,25,2
202403,2024-03-01,C001,Flooring,130999.09,50,5
202403,2024-03-01,C001,Windows,60323.69,18,1
202403,2024-03-01,C001,Roofing,254352.61,113,9
202403,2024-03-01,C001,Cabinets,90394.44,46,3
202403,2024-03-01,C002,Flooring,131887.59,49,3
202403,2024-03-01,C002,Windows,58783.2,23,2
202403,2024-03-01,C002,Roofing,274078.83,119,11
202403,2024-03-01,C002,Cabinets,88034.41,27,2
202403,2024-03-01,C003,Flooring,114606.23,42,4
202403,2024-03-01,C003,Windows,65228.03,24,2
202403,2024-03-01,C003,Roofing,245424.04,77,8
202403,2024-03-01,C003,Cabinets,89792.92,25,2
202403,2024-03-01,C004,Flooring,109042.67,45,5
202403,2024-03-01,C004,Windows,66049.92,30,1
202403,2024-03-01,C004,Roofing,250738.16,102,6
202403,2024-03-01,C004,Cabinets,87077.36,42,4
202403,2024-03-01,C005,Flooring,105653.56,32,3
202403,2024-03-01,C005,Windows,57991.61,21,1
202403,2024-03-01,C005,Roofing,286406.69,92,9
202403,2024-03-01,C005,Cabinets,71681.13,46,4
202403,2024-03-01,C006,Flooring,107188.34,35,2
202403,2024-03-01,C006,Windows,57094.7,34,4
202403,2024-03-01,C006,Roofing,284200.81,161,12
202403,2024-03-01,C006,Cabinets,77378.9,36,4
202403,2024-03-01,C007,Flooring,127968.31,37,4
202403,2024-03-01,C007,Windows,64581.75,22,2
202403,2024-03-01,C007,Roofing,263811.24,140,13
202403,2024-03-01,C007,Cabinets,80360.04,23,2
202403,2024-03-01,C008,Flooring,103384.38,50,5
202403,2024-03-01,C008,Windows,68322.41,23,1
202403,2024-03-01,C008,Roofing,214265.6,87,10
202403,2024-03-01,C008,Cabinets,88863.12,26,2
202404,2024-04-01,C001,Flooring,159514.19,74,4
202404,2024-04-01,C001,Windows,81034.21,41,4
202404,2024-04-01,C001,Roofing,314307.06,173,12
202404,2024-04-01,C001,Cabinets,91077.29,30,1
202404,2024-04-01,C002,Flooring,139985.37,49,3
202404,2024-04-01,C002,Windows,63779.41,27,2
202404,2024-04-01,C002,Roofing,313418.61,91,5
202404,2024-04-01,C002,Cabinets,107588.54,45,4
202404,2024-04-01,C003,Flooring,159164.37,60,3
202404,2024-04-01,C003,Windows,64236.86,20,1
202404,2024-04-01,C003,Roofing,306213.39,129,10
202404,2024-04-01,C003,Cabinets,104264.67,35,3
202404,2024-04-01,C004,Flooring,138499.4,70,6
202404,2024-04-01,C004,Windows,78849.45,29,3
202404,2024-04-01,C004,Roofing,256389.37,73,7
202404,2024-04-01,C004,Cabinets,105581.01,48,4
202404,2024-04-01,C005,Flooring,156829.94,51,4
202404,2024-04-01,C005,Windows,68207.26,24,2
202404,2024-04-01,C005,Roofing,294490.74,133,15
202404,2024-04-01,C005,Cabinets,101272.01,44,2
202404,2024-04-01,C006,Flooring,153568.34,69,4
202404,2024-04-01,C006,Windows,74425.44,34,2
202404,2024-04-01,C006,Roofing,298125.31,101,7
202404,2024-04-01,C006,Cabinets,83931.24,35,2
202404,2024-04-01,C007,Flooring,152522.0,44,4
202404,2024-04-01,C007,Windows,67148.43,36,2
202404,2024-04-01,C007,Roofing,274944.9,129,8
202404,2024-04-01,C007,Cabinets,107396.71,32,3
202404,2024-04-01,C008,Flooring,125074.96,40,2
202404,2024-04-01,C008,Windows,63498.7,29,2
202404,2024-04-01,C008,Roofing,286850.01,156,10
202404,2024-04-01,C008,Cabinets,106351.16,47,3
202405,2024-05-01,C001,Flooring,143438.03,91,8
202405,2024-05-01,C001,Windows,66567.38,24,2
202405,2024-05-01,C001,Roofing,327830.18,167,14
202405,2024-05-01,C001,Cabinets,109302.36,36,4
202405,2024-05-01,C002,Flooring,162462.2,59,4
202405,2024-05-01,C002,Windows,77549.56,26,2
202405,2024-05-01,C002,Roofing,317804.63,116,10
202405,2024-05-01,C002,Cabinets,93579.52,58,6
202405,2024-05-01,C003,Flooring,159791.35,59,4
202405,2024-05-01,C003,Windows,61807.63,41,2
202405,2024-05-01,C003,Roofing,287389.77,153,11
202405,2024-05-01,C003,Cabinets,101750.22,29,2
202405,2024-05-01,C004,Flooring,142515.82,40,4
202405,2024-05-01,C004,Windows,68810.03,32,2
202405,2024-05-01,C004,Roofing,268986.26,111,8
202405,2024-05-01,C004,Cabinets,103051.32,52,5
202405,2024-05-01,C005,Flooring,134847.93,50,4
202405,2024-05-01,C005,Windows,75710.48,40,3
202405,2024-05-01,C005,Roofing,277150.41,104,6
202405,2024-05-01,C005,Cabinets,96525.79,57,4
202405,2024-05-01,C006,Flooring,152065.7,65,4
202405,2024-05-01,C006,Windows,74502.51,24,1
202405,2024-05-01,C006,Roofing,281945.99,101,11
202405,2024-05-01,C006,Cabinets,87759.5,31,3
202405,2024-05-01,C007,Flooring,142356.96,66,6
202405,2024-05-01,C007,Windows,61878.93,27,2
202405,2024-05-01,C007,Roofing,275215.95,148,15
202405,2024-05-01,C007,Cabinets,109106.87,48,3
202405,2024-05-01,C008,Flooring,153456.99,59,6
202405,2024-05-01,C008,Windows,75194.73,22,1
202405,2024-05-01,C008,Roofing,270224.57,123,11
202405,2024-05-01,C008,Cabinets,108260.56,32,3
202406,2024-06-01,C001,Flooring,132013.16,44,3
202406,2024-06-01,C001,Windows,81313.55,42,2
202406,2024-06-01,C001,Roofing,330814.67,112,12
202406,2024-06-01,C001,Cabinets,86148.77,26,2
202406,2024-06-01,C002,Flooring,150547.43,56,5
202406,2024-06-01,C002,Windows,70177.14,39,3
202406,2024-06-01,C002,Roofing,322329.18,178,13
202406,2024-06-01,C002,Cabinets,101660.51,49,3
202406,2024-06-01,C003,Flooring,160821.74,88,7
202406,2024-06-01,C003,Windows,70454.09,28,2
202406,2024-06-01,C003,Roofing,337128.46,119,9
202406,2024-06-01,C003,Cabinets,91902.33,36,2
202406,2024-06-01,C004,Flooring,162430.97,83,8
202406,2024-06-01,C004,Windows,77998.81,24,1
202406,2024-06-01,C004,Roofing,303302.38,181,19
202406,2024-06-01,C004,Cabinets,95609.8,52,5
202406,2024-06-01,C005,Flooring,136706.54,79,6
202406,2024-06-01,C005,Windows,66281.33,19,1
202406,2024-06-01,C005,Roofing,306520.76,90,7
202406,2024-06-01,C005,Cabinets,91914.05,50,5
202406,2024-06-01,C006,Flooring,156992.17,80,6
202406,2024-06-01,C006,Windows,80962.09,31,2
202406,2024-06-01,C006,Roofing,313333.0,103,11
202406,2024-06-01,C006,Cabinets,104704.08,31,3
202406,2024-06-01,C007,Flooring,124405.95,71,8
202406,2024-06-01,C007,Windows,61798.24,20,2
202406,2024-06-01,C007,Roofing,292391.81,132,9
202406,2024-06-01,C007,Cabinets,83008.86,27,1
202406,2024-06-01,C008,Flooring,163209.73,77,8
202406,2024-06-01,C008,Windows,62489.15,24,1
202406,2024-06-01,C008,Roofing,257700.1,91,10
202406,2024-06-01,C008,Cabinets,81909.68,40,4
202407,2024-07-01,C001,Flooring,133365.13,70,4
202407,2024-07-01,C001,Windows,51155.55,26,1
202407,2024-07-01,C001,Roofing,239453.66,100,8
202407,2024-07-01,C001,Cabinets,71415.9,29,1
202407,2024-07-01,C002,Flooring,110619.16,49,3
202407,2024-07-01,C002,Windows,65652.08,34,3
202407,2024-07-01,C002,Roofing,248041.98,100,9
202407,2024-07-01,C002,Cabinets,69062.67,41,3
202407,2024-07-01,C003,Flooring,117005.61,49,4
202407,2024-07-01,C003,Windows,51012.69,14,0
202407,2024-07-01,C003,Roofing,231147.38,69,4
202407,2024-07-01,C003,Cabinets,91791.35,58,3
202407,2024-07-01,C004,Flooring,110643.84,46,4
202407,2024-07-01,C004,Windows,52884.93,32,1
202407,2024-07-01,C004,Roofing,231756.3,69,5
202407,2024-07-01,C004,Cabinets,86336.18,45,2
202407,2024-07-01,C005,Flooring,121954.07,38,4
202407,2024-07-01,C005,Windows,60831.68,29,1
202407,2024-07-01,C005,Roofing,262586.71,127,14
202407,2024-07-01,C005,Cabinets,82522.91,25,2
202407,2024-07-01,C006,Flooring,129782.73,62,5
202407,2024-07-01,C006,Windows,51349.31,18,1
202407,2024-07-01,C006,Roofing,269146.17,90,8
202407,2024-07-01,C006,Cabinets,69360.45,20,1
202407,2024-07-01,C007,Flooring,130917.64,53,5
202407,2024-07-01,C007,Windows,59371.26,21,1
202407,2024-07-01,C007,Roofing,268275.91,133,13
202407,2024-07-01,C007,Cabinets,72641.18,24,1
202407,2024-07-01,C008,Flooring,112030.74,35,3
202407,2024-07-01,C008,Windows,63445.24,18,1
202407,2024-07-01,C008,Roofing,232699.1,111,8
202407,2024-07-01,C008,Cabinets,75872.77,26,1
202408,2024-08-01,C001,Flooring,112293.2,42,3
202408,2024-08-01,C001,Windows,57567.98,35,4
202408,2024-08-01,C001,Roofing,236298.08,73,6
202408,2024-08-01,C001,Cabinets,73477.09,38,3
202408,2024-08-01,C002,Flooring,136735.28,73,4
202408,2024-08-01,C002,Windows,57967.79,25,2
202408,2024-08-01,C002,Roofing,247666.7,152,17
202408,2024-08-01,C002,Cabinets,76956.51,27,2
202408,2024-08-01,C003,Flooring,104028.31,69,4
202408,2024-08-01,C003,Windows,68217.56,22,1
202408,2024-08-01,C003,Roofing,258615.24,94,5
202408,2024-08-01,C003,Cabinets,78297.54,26,1
202408,2024-08-01,C004,Flooring,132632.54,47,2
202408,2024-08-01,C004,Windows,66388.46,43,4
202408,2024-08-01,C004,Roofing,237528.91,81,8
202408,2024-08-01,C004,Cabinets,74750.45,33,2
202408,2024-08-01,C005,Flooring,122976.9,59,7
202408,2024-08-01,C005,Windows,64266.08,31,3
202408,2024-08-01,C005,Roofing,245152.84,76,6
202408,2024-08-01,C005,Cabinets,72508.5,45,5
202408,2024-08-01,C006,Flooring,114931.98,59,5
202408,2024-08-01,C006,Windows,56249.51,28,2
202408,2024-08-01,C006,Roofing,218113.63,86,7
202408,2024-08-01,C006,Cabinets,80780.7,37,3
202408,2024-08-01,C007,Flooring,104945.47,46,3
202408,2024-08-01,C007,Windows,58885.61,25,2
202408,2024-08-01,C007,Roofing,259656.83,111,7
202408,2024-08-01,C007,Cabinets,81965.93,23,1
202408,2024-08-01,C008,Flooring,104486.13,51,4
202408,2024-08-01,C008,Windows,56511.39,17,1
202408,2024-08-01,C008,Roofing,230959.59,67,4
202408,2024-08-01,C008,Cabinets,70949.87,35,2
202409,2024-09-01,C001,Flooring,141965.45,66,6
202409,2024-09-01,C001,Windows,71202.2,36,3
202409,2024-09-01,C001,Roofing,276616.35,85,5
202409,2024-09-01,C001,Cabinets,83163.53,25,1
202409,2024-09-01,C002,Flooring,117620.45,44,3
202409,2024-09-01,C002,Windows,65352.43,20,1
202409,2024-09-01,C002,Roofing,276310.91,134,14
202409,2024-09-01,C002,Cabinets,94331.11,47,3
202409,2024-09-01,C003,Flooring,143429.68,64,5
202409,2024-09-01,C003,Windows,63315.36,34,2
202409,2024-09-01,C003,Roofing,299992.16,120,10
202409,2024-09-01,C003,Cabinets,78927.67,42,2
202409,2024-09-01,C004,Flooring,112752.64,45,3
202409,2024-09-01,C004,Windows,61552.48,17,1
202409,2024-09-01,C004,Roofing,298829.87,155,11
202409,2024-09-01,C004,Cabinets,89805.53,59,3
202409,2024-09-01,C005,Flooring,117831.86,60,5
202409,2024-09-01,C005,Windows,69687.34,32,2
202409,2024-09-01,C005,Roofing,301631.92,165,16
202409,2024-09-01,C005,Cabinets,99387.13,50,3
202409,2024-09-01,C006,Flooring,150998.45,73,5
202409,2024-09-01,C006,Windows,65678.69,33,3
202409,2024-09-01,C006,Roofing,237294.69,98,9
202409,2024-09-01,C006,Cabinets,87127.5,34,4
202409,2024-09-01,C007,Flooring,146925.3,69,6
202409,2024-09-01,C007,Windows,56106.16,24,1
202409,2024-09-01,C007,Roofing,292437.25,150,15
202409,2024-09-01,C007,Cabinets,83067.42,24,2
202409,2024-09-01,C008,Flooring,145444.9,52,6
202409,2024-09-01,C008,Windows,70805.91,23,1
202409,2024-09-01,C008,Roofing,275400.93,132,8
202409,2024-09-01,C008,Cabinets,93559.45,47,3
202410,2024-10-01,C001,Flooring,123471.7,65,4
202410,2024-10-01,C001,Windows,62790.22,37,3
202410,2024-10-01,C001,Roofing,235368.99,69,8
202410,2024-10-01,C001,Cabinets,82842.86,41,2
202410,2024-10-01,C002,Flooring,148034.79,55,5
202410,2024-10-01,C002,Windows,73837.96,22,2
202410,2024-10-01,C002,Roofing,297558.93,91,10
202410,2024-10-01,C002,Cabinets,84532.22,24,2
202410,2024-10-01,C003,Flooring,126860.29,53,5
202410,2024-10-01,C003,Windows,63249.76,20,1
202410,2024-10-01,C003,Roofing,308626.53,146,10
202410,2024-10-01,C003,Cabinets,97451.84,49,5
202410,2024-10-01,C004,Flooring,123932.07,36,2
202410,2024-10-01,C004,Windows,57479.07,17,1
202410,2024-10-01,C004,Roofing,311640.93,98,6
202410,2024-10-01,C004,Cabinets,86551.57,52,4
202410,2024-10-01,C005,Flooring,126119.52,46,5
202410,2024-10-01,C005,Windows,59461.32,27,2
202410,2024-10-01,C005,Roofing,247892.22,84,7
202410,2024-10-01,C005,Cabinets,99868.71,36,2
202410,2024-10-01,C006,Flooring,140691.14,44,4
202410,2024-10-01,C006,Windows,61302.74,26,2
202410,2024-10-01,C006,Roofing,265791.63,125,13
202410,2024-10-01,C006,Cabinets,75122.72,35,2
202410,2024-10-01,C007,Flooring,117299.26,57,6
202410,2024-10-01,C007,Windows,75294.55,29,2
202410,2024-10-01,C007,Roofing,302156.56,184,12
202410,2024-10-01,C007,Cabinets,83917.67,35,3
202410,2024-10-01,C008,Flooring,148840.45,58,5
202410,2024-10-01,C008,Windows,60317.62,25,2
202410,2024-10-01,C008,Roofing,266164.21,138,11
202410,2024-10-01,C008,Cabinets,88385.3,32,2
202411,2024-11-01,C001,Flooring,129307.3,48,4
202411,2024-11-01,C001,Windows,66532.54,20,1
202411,2024-11-01,C001,Roofing,259250.86,88,6
202411,2024-11-01,C001,Cabinets,88226.48,47,5
202411,2024-11-01,C002,Flooring,107812.77,36,2
202411,2024-11-01,C002,Windows,57818.93,32,2
202411,2024-11-01,C002,Roofing,286338.61,166,14
202411,2024-11-01,C002,Cabinets,84246.06,49,3
202411,2024-11-01,C003,Flooring,107157.46,38,4
202411,2024-11-01,C003,Windows,65867.81,19,1
202411,2024-11-01,C003,Roofing,284610.8,134,11
202411,2024-11-01,C003,Cabinets,77504.99,48,5
202411,2024-11-01,C004,Flooring,102889.85,34,2
202411,2024-11-01,C004,Windows,51112.46,24,1
202411,2024-11-01,C004,Roofing,284852.69,100,9
202411,2024-11-01,C004,Cabinets,71049.21,31,1
202411,2024-11-01,C005,Flooring,129420.68,70,6
202411,2024-11-01,C005,Windows,63589.05,28,2
202411,2024-11-01,C005,Roofing,269817.46,144,13
202411,2024-11-01,C005,Cabinets,85613.2,38,2
202411,2024-11-01,C006,Flooring,112300.18,33,2
202411,2024-11-01,C006,Windows,52938.61,31,2
202411,2024-11-01,C006,Roofing,222063.43,89,7
202411,2024-11-01,C006,Cabinets,88193.74,27,2
202411,2024-11-01,C007,Flooring,133986.98,55,5
202411,2024-11-01,C007,Windows,53925.63,33,2
202411,2024-11-01,C007,Roofing,231388.39,77,5
202411,2024-11-01,C007,Cabinets,71135.71,21,2
202411,2024-11-01,C008,Flooring,119039.0,70,7
202411,2024-11-01,C008,Windows,52948.65,19,1
202411,2024-11-01,C008,Roofing,242510.41,72,4
202411,2024-11-01,C008,Cabinets,87634.81,33,3
202412,2024-12-01,C001,Flooring,137525.72,51,5
202412,2024-12-01,C001,Windows,53763.55,17,1
202412,2024-12-01,C001,Roofing,285108.26,84,6
202412,2024-12-01,C001,Cabinets,79158.4,23,2
202412,2024-12-01,C002,Flooring,118693.21,69,5
202412,2024-12-01,C002,Windows,62974.32,20,1
202412,2024-12-01,C002,Roofing,216688.34,78,8
202412,2024-12-01,C002,Cabinets,79913.86,23,1
202412,2024-12-01,C003,Flooring,133909.17,43,5
202412,2024-12-01,C003,Windows,65238.38,30,3
202412,2024-12-01,C003,Roofing,262729.83,144,9
202412,2024-12-01,C003,Cabinets,76780.29,24,2
202412,2024-12-01,C004,Flooring,120976.58,80,6
202412,2024-12-01,C004,Windows,53839.02,22,2
202412,2024-12-01,C004,Roofing,278465.41,131,12
202412,2024-12-01,C004,Cabinets,80050.29,45,5
202412,2024-12-01,C005,Flooring,117306.31,46,4
202412,2024-12-01,C005,Windows,54447.8,28,2
202412,2024-12-01,C005,Roofing,241334.92,127,14
202412,2024-12-01,C005,Cabinets,85143.54,25,2
202412,2024-12-01,C006,Flooring,127313.47,64,6
202412,2024-12-01,C006,Windows,54353.38,30,2
202412,2024-12-01,C006,Roofing,259346.92,143,11
202412,2024-12-01,C006,Cabinets,69590.75,23,2
202412,2024-12-01,C007,Flooring,128636.62,40,3
202412,2024-12-01,C007,Windows,52720.51,17,1
202412,2024-12-01,C007,Roofing,241622.05,83,9
202412,2024-12-01,C007,Cabinets,79669.98,23,2
202412,2024-12-01,C008,Flooring,106410.38,41,4
202412,2024-12-01,C008,Windows,60684.81,20,1
202412,2024-12-01,C008,Roofing,253454.09,122,8
202412,2024-12-01,C008,Cabinets,74694.05,31,3
202501,2025-01-01,C001,Flooring,118659.31,64,5
202501,2025-01-01,C001,Windows,52639.65,19,1
202501,2025-01-01,C001,Roofing,210123.81,62,7
202501,2025-01-01,C001,Cabinets,63475.73,21,1
202501,2025-01-01,C002,Flooring,93308.67,27,2
202501,2025-01-01,C002,Windows,51157.57,18,1
202501,2025-01-01,C002,Roofing,250035.98,162,17
202501,2025-01-01,C002,Cabinets,79629.18,29,2
202501,2025-01-01,C003,Flooring,95396.36,48,4
202501,2025-01-01,C003,Windows,59914.29,19,1
202501,2025-01-01,C003,Roofing,244279.82,80,7
202501,2025-01-01,C003,Cabinets,65959.03,30,2
202501,2025-01-01,C004,Flooring,92031.68,55,5
202501,2025-01-01,C004,Windows,46442.48,20,2
202501,2025-01-01,C004,Roofing,244928.65,81,6
202501,2025-01-01,C004,Cabinets,75061.37,30,2
202501,2025-01-01,C005,Flooring,105920.44,41,4
202501,2025-01-01,C005,Windows,51234.87,26,2
202501,2025-01-01,C005,Roofing,226641.63,135,14
202501,2025-01-01,C005,Cabinets,70316.34,30,2
202501,2025-01-01,C006,Flooring,116853.12,33,2
202501,2025-01-01,C006,Windows,51498.0,28,3
202501,2025-01-01,C006,Roofing,228273.29,71,8
202501,2025-01-01,C006,Cabinets,73084.46,42,3
202501,2025-01-01,C007,Flooring,92972.53,29,1
202501,2025-01-01,C007,Windows,55493.4,32,1
202501,2025-01-01,C007,Roofing,208540.15,80,5
202501,2025-01-01,C007,Cabinets,74481.58,26,3
202501,2025-01-01,C008,Flooring,120945.0,45,4
202501,2025-01-01,C008,Windows,51790.99,19,1
202501,2025-01-01,C008,Roofing,214000.32,72,5
202501,2025-01-01,C008,Cabinets,69419.93,31,3
202502,2025-02-01,C001,Flooring,97321.1,43,4
202502,2025-02-01,C001,Windows,46147.93,13,1
202502,2025-02-01,C001,Roofing,219454.75,78,9
202502,2025-02-01,C001,Cabinets,73186.88,43,4
202502,2025-02-01,C002,Flooring,96146.51,47,5
202502,2025-02-01,C002,Windows,50047.67,16,1
202502,2025-02-01,C002,Roofing,242533.05,123,10
202502,2025-02-01,C002,Cabinets,68072.28,34,2
202502,2025-02-01,C003,Flooring,102264.95,29,2
202502,2025-02-01,C003,Windows,53385.25,21,2
202502,2025-02-01,C003,Roofing,235367.26,80,6
202502,2025-02-01,C003,Cabinets,71385.21,38,3
202502,2025-02-01,C004,Flooring,102961.62,34,2
202502,2025-02-01,C004,Windows,52436.75,21,1
202502,2025-02-01,C004,Roofing,195947.4,91,8
202502,2025-02-01,C004,Cabinets,75297.87,32,2
202502,2025-02-01,C005,Flooring,109399.45,43,2
202502,2025-02-01,C005,Windows,52461.02,27,2
202502,2025-02-01,C005,Roofing,242420.15,91,6
202502,2025-02-01,C005,Cabinets,65687.55,41,3
202502,2025-02-01,C006,Flooring,105824.71,53,5
202502,2025-02-01,C006,Windows,52161.08,18,1
202502,2025-02-01,C006,Roofing,232069.98,69,4
202502,2025-02-01,C006,Cabinets,62669.61,21,1
202502,2025-02-01,C007,Flooring,123763.33,64,4
202502,2025-02-01,C007,Windows,55429.19,26,2
202502,2025-02-01,C007,Roofing,253419.14,163,14
202502,2025-02-01,C007,Cabinets,68433.83,31,2
202502,2025-02-01,C008,Flooring,96169.14,61,7
202502,2025-02-01,C008,Windows,56597.93,18,1
202502,2025-02-01,C008,Roofing,192251.53,71,7
202502,2025-02-01,C008,Cabinets,69729.11,30,2
202503,2025-03-01,C001,Flooring,107499.21,35,2
202503,2025-03-01,C001,Windows,56839.39,19,1
202503,2025-03-01,C001,Roofing,269969.29,81,5
202503,2025-03-01,C001,Cabinets,82198.97,35,2
202503,2025-03-01,C002,Flooring,126560.32,46,4
202503,2025-03-01,C002,Windows,65642.92,31,3
202503,2025-03-01,C002,Roofing,268248.83,145,17
202503,2025-03-01,C002,Cabinets,76159.55,26,2
202503,2025-03-01,C003,Flooring,120145.11,68,5
202503,2025-03-01,C003,Windows,55216.45,21,1
202503,2025-03-01,C003,Roofing,253507.79,122,7
202503,2025-03-01,C003,Cabinets,76718.16,28,2
202503,2025-03-01,C004,Flooring,103021.12,51,6
202503,2025-03-01,C004,Windows,55712.68,18,1
202503,2025-03-01,C004,Roofing,221663.05,79,9
202503,2025-03-01,C004,Cabinets,89283.9,30,2
202503,2025-03-01,C005,Flooring,113495.99,51,4
202503,2025-03-01,C005,Windows,67597.48,35,2
202503,2025-03-01,C005,Roofing,244897.24,105,6
202503,2025-03-01,C005,Cabinets,74503.37,29,3
202503,2025-03-01,C006,Flooring,122501.06,53,5
202503,2025-03-01,C006,Windows,62986.08,31,2
202503,2025-03-01,C006,Roofing,272738.76,106,7
202503,2025-03-01,C006,Cabinets,74289.71,24,2
202503,2025-03-01,C007,Flooring,136026.0,55,3
202503,2025-03-01,C007,Windows,63607.61,31,2
202503,2025-03-01,C007,Roofing,227248.62,107,11
202503,2025-03-01,C007,Cabinets,81841.12,47,4
202503,2025-03-01,C008,Flooring,124808.28,38,4
202503,2025-03-01,C008,Windows,52131.75,16,1
202503,2025-03-01,C008,Roofing,224059.15,130,9
202503,2025-03-01,C008,Cabinets,87278.29,30,3
202504,2025-04-01,C001,Flooring,162235.91,71,4
202504,2025-04-01,C001,Windows,75019.0,23,2
202504,2025-04-01,C001,Roofing,287750.35,91,10
202504,2025-04-01,C001,Cabinets,85759.81,31,2
202504,2025-04-01,C002,Flooring,141694.45,43,4
202504,2025-04-01,C002,Windows,73519.33,23,1
202504,2025-04-01,C002,Roofing,272542.74,142,15
202504,2025-04-01,C002,Cabinets,107259.81,40,4
202504,2025-04-01,C003,Flooring,153850.91,58,5
202504,2025-04-01,C003,Windows,79549.94,47,3
202504,2025-04-01,C003,Roofing,278966.55,84,9
202504,2025-04-01,C003,Cabinets,91857.71,27,2
202504,2025-04-01,C004,Flooring,142845.43,45,4
202504,2025-04-01,C004,Windows,71016.82,46,2
202504,2025-04-01,C004,Roofing,311483.23,189,19
202504,2025-04-01,C004,Cabinets,99523.43,41,4
202504,2025-04-01,C005,Flooring,165300.68,82,7
202504,2025-04-01,C005,Windows,79405.69,51,3
202504,2025-04-01,C005,Roofing,301886.28,115,7
202504,2025-04-01,C005,Cabinets,93333.97,36,3
202504,2025-04-01,C006,Flooring,152665.76,50,4
202504,2025-04-01,C006,Windows,70394.25,24,2
202504,2025-04-01,C006,Roofing,333339.55,135,12
202504,2025-04-01,C006,Cabinets,85309.59,26,2
202504,2025-04-01,C007,Flooring,153463.53,65,3
202504,2025-04-01,C007,Windows,69848.86,38,3
202504,2025-04-01,C007,Roofing,283920.95,149,10
202504,2025-04-01,C007,Cabinets,102582.56,34,2
202504,2025-04-01,C008,Flooring,143792.22,59,4
202504,2025-04-01,C008,Windows,67196.96,35,3
202504,2025-04-01,C008,Roofing,329998.12,141,14
202504,2025-04-01,C008,Cabinets,95951.96,57,6
202505,2025-05-01,C001,Flooring,131872.53,45,4
202505,2025-05-01,C001,Windows,76115.66,31,3
202505,2025-05-01,C001,Roofing,257953.13,163,18
202505,2025-05-01,C001,Cabinets,103191.19,32,2
202505,2025-05-01,C002,Flooring,142256.74,55,4
202505,2025-05-01,C002,Windows,77043.65,24,2
202505,2025-05-01,C002,Roofing,301533.05,129,14
202505,2025-05-01,C002,Cabinets,103276.77,31,3
202505,2025-05-01,C003,Flooring,160559.13,95,9
202505,2025-05-01,C003,Windows,63117.97,21,2
202505,2025-05-01,C003,Roofing,256439.28,95,6
202505,2025-05-01,C003,Cabinets,85701.45,47,4
202505,2025-05-01,C004,Flooring,127390.47,72,5
202505,2025-05-01,C004,Windows,61218.54,29,2
202505,2025-05-01,C004,Roofing,309141.35,89,5
202505,2025-05-01,C004,Cabinets,106528.45,46,3
202505,2025-05-01,C005,Flooring,137468.63,78,6
202505,2025-05-01,C005,Windows,78207.36,24,2
202505,2025-05-01,C005,Roofing,325676.32,118,10
202505,2025-05-01,C005,Cabinets,106797.04,35,2
202505,2025-05-01,C006,Flooring,151886.18,64,6
202505,2025-05-01,C006,Windows,80604.43,28,3
202505,2025-05-01,C006,Roofing,332973.27,189,11
202505,2025-05-01,C006,Cabinets,92671.05,28,2
202505,2025-05-01,C007,Flooring,152268.48,62,6
202505,2025-05-01,C007,Windows,64763.5,32,2
202505,2025-05-01,C007,Roofing,304361.92,146,15
202505,2025-05-01,C007,Cabinets,91587.67,32,3
202505,2025-05-01,C008,Flooring,148619.1,74,8
202505,2025-05-01,C008,Windows,61470.92,30,2
202505,2025-05-01,C008,Roofing,272638.1,100,9
202505,2025-05-01,C008,Cabinets,93307.1,44,3
202506,2025-06-01,C001,Flooring,134979.94,69,5
202506,2025-06-01,C001,Windows,74210.45,26,2
202506,2025-06-01,C001,Roofing,340265.82,168,17
202506,2025-06-01,C001,Cabinets,83946.63,29,2
202506,2025-06-01,C002,Flooring,146985.46,78,6
202506,2025-06-01,C002,Windows,77751.6,25,1
202506,2025-06-01,C002,Roofing,286733.93,190,12
202506,2025-06-01,C002,Cabinets,85249.83,40,4
202506,2025-06-01,C003,Flooring,144442.81,46,4
202506,2025-06-01,C003,Windows,73882.19,29,3
202506,2025-06-01,C003,Roofing,306234.32,124,13
202506,2025-06-01,C003,Cabinets,83657.43,29,1
202506,2025-06-01,C004,Flooring,157816.29,51,4
202506,2025-06-01,C004,Windows,75478.55,24,2
202506,2025-06-01,C004,Roofing,336536.21,141,16
202506,2025-06-01,C004,Cabinets,98383.03,41,2
202506,2025-06-01,C005,Flooring,135168.02,41,3
202506,2025-06-01,C005,Windows,70303.72,28,2
202506,2025-06-01,C005,Roofing,299239.61,132,15
202506,2025-06-01,C005,Cabinets,97842.24,30,3
202506,2025-06-01,C006,Flooring,131584.45,40,2
202506,2025-06-01,C006,Windows,70890.58,35,3
202506,2025-06-01,C006,Roofing,282004.46,95,11
202506,2025-06-01,C006,Cabinets,102021.79,46,4
202506,2025-06-01,C007,Flooring,160784.33,78,5
202506,2025-06-01,C007,Windows,64024.5,25,2
202506,2025-06-01,C007,Roofing,314153.2,130,13
202506,2025-06-01,C007,Cabinets,99858.33,36,2
202506,2025-06-01,C008,Flooring,135903.6,62,6
202506,2025-06-01,C008,Windows,77942.39,38,2
202506,2025-06-01,C008,Roofing,324100.54,139,10
202506,2025-06-01,C008,Cabinets,84970.09,55,4
202507,2025-07-01,C001,Flooring,114231.5,39,4
202507,2025-07-01,C001,Windows,54722.09,27,2
202507,2025-07-01,C001,Roofing,247445.32,85,6
202507,2025-07-01,C001,Cabinets,70500.81,23,2
202507,2025-07-01,C002,Flooring,110915.35,62,5
202507,2025-07-01,C002,Windows,54749.66,24,2
202507,2025-07-01,C002,Roofing,228970.53,73,7
202507,2025-07-01,C002,Cabinets,73273.42,28,2
202507,2025-07-01,C003,Flooring,109209.94,61,5
202507,2025-07-01,C003,Windows,63489.14,26,1
202507,2025-07-01,C003,Roofing,281890.95,97,9
202507,2025-07-01,C003,Cabinets,83447.05,36,4
202507,2025-07-01,C004,Flooring,106776.45,35,2
202507,2025-07-01,C004,Windows,66859.73,22,2
202507,2025-07-01,C004,Roofing,282827.02,85,5
202507,2025-07-01,C004,Cabinets,72622.11,25,2
202507,2025-07-01,C005,Flooring,117491.88,74,7
202507,2025-07-01,C005,Windows,54504.37,20,1
202507,2025-07-01,C005,Roofing,254352.03,75,6
202507,2025-07-01,C005,Cabinets,68828.69,25,1
202507,2025-07-01,C006,Flooring,130012.86,53,5
202507,2025-07-01,C006,Windows,67358.78,30,3
202507,2025-07-01,C006,Roofing,223735.96,80,4
202507,2025-07-01,C006,Cabinets,73113.36,26,1
202507,2025-07-01,C007,Flooring,105664.34,50,4
202507,2025-07-01,C007,Windows,51287.69,20,1
202507,2025-07-01,C007,Roofing,242689.21,148,14
202507,2025-07-01,C007,Cabinets,82540.05,32,3
202507,2025-07-01,C008,Flooring,109480.86,38,2
202507,2025-07-01,C008,Windows,58068.49,35,3
202507,2025-07-01,C008,Roofing,252867.51,73,8
202507,2025-07-01,C008,Cabinets,91965.47,54,5
202508,2025-08-01,C001,Flooring,116672.71,45,3
202508,2025-08-01,C001,Windows,51865.24,17,2
202508,2025-08-01,C001,Roofing,252428.64,116,13
202508,2025-08-01,C001,Cabinets,76752.0,23,2
202508,2025-08-01,C002,Flooring,121033.6,42,4
202508,2025-08-01,C002,Windows,62539.65,34,3
202508,2025-08-01,C002,Roofing,212741.36,72,6
202508,2025-08-01,C002,Cabinets,74234.25,23,1
202508,2025-08-01,C003,Flooring,119487.98,76,6
202508,2025-08-01,C003,Windows,54012.53,26,1
202508,2025-08-01,C003,Roofing,215951.56,89,8
202508,2025-08-01,C003,Cabinets,81705.5,33,3
202508,2025-08-01,C004,Flooring,103356.47,37,4
202508,2025-08-01,C004,Windows,51738.72,20,1
202508,2025-08-01,C004,Roofing,226817.93,113,12
202508,2025-08-01,C004,Cabinets,81617.55,38,4
202508,2025-08-01,C005,Flooring,128881.76,58,5
202508,2025-08-01,C005,Windows,62961.34,28,2
202508,2025-08-01,C005,Roofing,231330.53,111,8
202508,2025-08-01,C005,Cabinets,90465.31,28,2
202508,2025-08-01,C006,Flooring,122299.4,75,7
202508,2025-08-01,C006,Windows,56906.16,20,2
202508,2025-08-01,C006,Roofing,215912.37,79,7
202508,2025-08-01,C006,Cabinets,72962.4,26,2
202508,2025-08-01,C007,Flooring,129623.52,75,6
202508,2025-08-01,C007,Windows,68962.79,23,2
202508,2025-08-01,C007,Roofing,236340.33,140,16
202508,2025-08-01,C007,Cabinets,70531.31,20,1
202508,2025-08-01,C008,Flooring,108152.66,51,4
202508,2025-08-01,C008,Windows,65227.23,18,1
202508,2025-08-01,C008,Roofing,214030.98,78,8
202508,2025-08-01,C008,Cabinets,77538.66,41,3
